Title,Image Src,,,,,,,,,,,linked address
ENVY-DID-BLUE-BLUE,https://cdn.shopify.com/s/files/1/0592/0676/2540/files/ENVY-DID-BLUE_BLUE-PAIR-1.jpg?v=1742810291,,,,,,,,,,,https://cdn.shopify.com/s/files/1/0592/0676/2540/files/ENVY-DID-BLUE_BLUE-PAIR-1.jpg?v=1742810291
,https://cdn.shopify.com/s/files/1/0592/0676/2540/files/ENVY-DID-BLUE_BLUE-PAIR-2.jpg?v=1742810304,,,,,,,,,,,https://cdn.shopify.com/s/files/1/0592/0676/2540/files/ENVY-DID-BLUE_BLUE-PAIR-2.jpg?v=1742810304
,https://cdn.shopify.com/s/files/1/0592/0676/2540/files/ENVY-DID-BLUE_BLUE-REAR-1.jpg?v=1742810328,,,,,,,,,,,https://cdn.shopify.com/s/files/1/0592/0676/2540/files/ENVY-DID-BLUE_BLUE-REAR-1.jpg?v=1742810328
,https://cdn.shopify.com/s/files/1/0592/0676/2540/files/ENVY-DID-BLUE_BLUE-REAR-2.jpg?v=1742810340,,,,,,,,,,,https://cdn.shopify.com/s/files/1/0592/0676/2540/files/ENVY-DID-BLUE_BLUE-REAR-2.jpg?v=1742810340
,https://cdn.shopify.com/s/files/1/0592/0676/2540/files/ENVY-DID-BLUE_BLUE-FRONT-1.jpg?v=1742810354,,,,,,,,,,,https://cdn.shopify.com/s/files/1/0592/0676/2540/files/ENVY-DID-BLUE_BLUE-FRONT-1.jpg?v=1742810354
ENVY-DID BLUE-ORANGE,https://cdn.shopify.com/s/files/1/0592/0676/2540/files/ENVY-DID-BLUE_ORANGE-PAIR-1.jpg?v=1742810214,,,,,,,,,,,https://cdn.shopify.com/s/files/1/0592/0676/2540/files/ENVY-DID-BLUE_ORANGE-PAIR-1.jpg?v=1742810214
,https://cdn.shopify.com/s/files/1/0592/0676/2540/files/ENVY-DID-BLUE_ORANGE-PAIR-2.jpg?v=1742810228,,,,,,,,,,,https://cdn.shopify.com/s/files/1/0592/0676/2540/files/ENVY-DID-BLUE_ORANGE-PAIR-2.jpg?v=1742810228
,https://cdn.shopify.com/s/files/1/0592/0676/2540/files/ENVY-DID-BLUE_ORANGE-FRONT-1.jpg?v=1742810242,,,,,,,,,,,https://cdn.shopify.com/s/files/1/0592/0676/2540/files/ENVY-DID-BLUE_ORANGE-FRONT-1.jpg?v=1742810242
,https://cdn.shopify.com/s/files/1/0592/0676/2540/files/ENVY-DID-BLUE_ORANGE-REAR-1.jpg?v=1742810253,,,,,,,,,,,https://cdn.shopify.com/s/files/1/0592/0676/2540/files/ENVY-DID-BLUE_ORANGE-REAR-1.jpg?v=1742810253
,https://cdn.shopify.com/s/files/1/0592/0676/2540/files/ENVY-DID-BLUE_ORANGE-REAR-2.jpg?v=1742810263,,,,,,,,,,,https://cdn.shopify.com/s/files/1/0592/0676/2540/files/ENVY-DID-BLUE_ORANGE-REAR-2.jpg?v=1742810263
ENVY-DID BLUE-GOLD,https://cdn.shopify.com/s/files/1/0592/0676/2540/files/ENVY-DID-BLUE_GOLD-PAIR-1.jpg?v=1742810128,,,,,,,,,,,https://cdn.shopify.com/s/files/1/0592/0676/2540/files/ENVY-DID-BLUE_GOLD-PAIR-1.jpg?v=1742810128
,https://cdn.shopify.com/s/files/1/0592/0676/2540/files/ENVY-DID-BLUE_GOLD-PAIR-2.jpg?v=1742810141,,,,,,,,,,,https://cdn.shopify.com/s/files/1/0592/0676/2540/files/ENVY-DID-BLUE_GOLD-PAIR-2.jpg?v=1742810141
,https://cdn.shopify.com/s/files/1/0592/0676/2540/files/ENVY-DID-BLUE_GOLD-REAR-1.jpg?v=1742810151,,,,,,,,,,,https://cdn.shopify.com/s/files/1/0592/0676/2540/files/ENVY-DID-BLUE_GOLD-REAR-1.jpg?v=1742810151
,https://cdn.shopify.com/s/files/1/0592/0676/2540/files/ENVY-DID-BLUE_GOLD-REAR-2.jpg?v=1742810162,,,,,,,,,,,https://cdn.shopify.com/s/files/1/0592/0676/2540/files/ENVY-DID-BLUE_GOLD-REAR-2.jpg?v=1742810162
,https://cdn.shopify.com/s/files/1/0592/0676/2540/files/ENVY-DID-BLUE_GOLD-FRONT-1.jpg?v=1742810173,,,,,,,,,,,https://cdn.shopify.com/s/files/1/0592/0676/2540/files/ENVY-DID-BLUE_GOLD-FRONT-1.jpg?v=1742810173
,https://cdn.shopify.com/s/files/1/0592/0676/2540/files/ENVY-DID-BLUE_GOLD-FRONT-2.jpg?v=1742810183,,,,,,,,,,,https://cdn.shopify.com/s/files/1/0592/0676/2540/files/ENVY-DID-BLUE_GOLD-FRONT-2.jpg?v=1742810183
ENVY-DID BLUE-SILVER,https://cdn.shopify.com/s/files/1/0592/0676/2540/files/ENVY-DID-BLUE_SILVER-PAIR-1.jpg?v=1742810029,,,,,,,,,,,https://cdn.shopify.com/s/files/1/0592/0676/2540/files/ENVY-DID-BLUE_SILVER-PAIR-1.jpg?v=1742810029
,https://cdn.shopify.com/s/files/1/0592/0676/2540/files/ENVY-DID-BLUE_SILVER-PAIR-2.jpg?v=1742810041,,,,,,,,,,,https://cdn.shopify.com/s/files/1/0592/0676/2540/files/ENVY-DID-BLUE_SILVER-PAIR-2.jpg?v=1742810041
,https://cdn.shopify.com/s/files/1/0592/0676/2540/files/ENVY-DID-BLUE_SILVER-REAR-1.jpg?v=1742810054,,,,,,,,,,,https://cdn.shopify.com/s/files/1/0592/0676/2540/files/ENVY-DID-BLUE_SILVER-REAR-1.jpg?v=1742810054
,https://cdn.shopify.com/s/files/1/0592/0676/2540/files/ENVY-DID-BLUE_SILVER-REAR-2.jpg?v=1742810064,,,,,,,,,,,https://cdn.shopify.com/s/files/1/0592/0676/2540/files/ENVY-DID-BLUE_SILVER-REAR-2.jpg?v=1742810064
,https://cdn.shopify.com/s/files/1/0592/0676/2540/files/ENVY-DID-BLUE_SILVER-FRONT-1.jpg?v=1742810074,,,,,,,,,,,https://cdn.shopify.com/s/files/1/0592/0676/2540/files/ENVY-DID-BLUE_SILVER-FRONT-1.jpg?v=1742810074
,https://cdn.shopify.com/s/files/1/0592/0676/2540/files/ENVY-DID-BLUE_SILVER-FRONT-2.jpg?v=1742810084,,,,,,,,,,,https://cdn.shopify.com/s/files/1/0592/0676/2540/files/ENVY-DID-BLUE_SILVER-FRONT-2.jpg?v=1742810084
ENVY-DID BLUE-TITAN,https://cdn.shopify.com/s/files/1/0592/0676/2540/files/ENVY-DID-BLUE_TITAN-PAIR-1.jpg?v=1742809919,,,,,,,,,,,https://cdn.shopify.com/s/files/1/0592/0676/2540/files/ENVY-DID-BLUE_TITAN-PAIR-1.jpg?v=1742809919
,https://cdn.shopify.com/s/files/1/0592/0676/2540/files/ENVY-DID-BLUE_TITAN-PAIR-2.jpg?v=1742809940,,,,,,,,,,,https://cdn.shopify.com/s/files/1/0592/0676/2540/files/ENVY-DID-BLUE_TITAN-PAIR-2.jpg?v=1742809940
,https://cdn.shopify.com/s/files/1/0592/0676/2540/files/ENVY-DID-BLUE_TITAN-REAR-1.jpg?v=1742809952,,,,,,,,,,,https://cdn.shopify.com/s/files/1/0592/0676/2540/files/ENVY-DID-BLUE_TITAN-REAR-1.jpg?v=1742809952
,https://cdn.shopify.com/s/files/1/0592/0676/2540/files/ENVY-DID-BLUE_TITAN-REAR-2.jpg?v=1742809965,,,,,,,,,,,https://cdn.shopify.com/s/files/1/0592/0676/2540/files/ENVY-DID-BLUE_TITAN-REAR-2.jpg?v=1742809965
,https://cdn.shopify.com/s/files/1/0592/0676/2540/files/ENVY-DID-BLUE_TITAN-REAR-3.jpg?v=1742809975,,,,,,,,,,,https://cdn.shopify.com/s/files/1/0592/0676/2540/files/ENVY-DID-BLUE_TITAN-REAR-3.jpg?v=1742809975
,https://cdn.shopify.com/s/files/1/0592/0676/2540/files/ENVY-DID-BLUE_TITAN-FRONT-1.jpg?v=1742809988,,,,,,,,,,,https://cdn.shopify.com/s/files/1/0592/0676/2540/files/ENVY-DID-BLUE_TITAN-FRONT-1.jpg?v=1742809988
,https://cdn.shopify.com/s/files/1/0592/0676/2540/files/ENVY-DID-BLUE_TITAN-PAIR-3.jpg?v=1742810006,,,,,,,,,,,https://cdn.shopify.com/s/files/1/0592/0676/2540/files/ENVY-DID-BLUE_TITAN-PAIR-3.jpg?v=1742810006
ENVY-DID GOLD-BLUE,https://cdn.shopify.com/s/files/1/0592/0676/2540/files/ENVY-DID-GOLD_BLUE-PAIR-1.jpg?v=1742809824,,,,,,,,,,,https://cdn.shopify.com/s/files/1/0592/0676/2540/files/ENVY-DID-GOLD_BLUE-PAIR-1.jpg?v=1742809824
,https://cdn.shopify.com/s/files/1/0592/0676/2540/files/ENVY-DID-GOLD_BLUE-PAIR-2.jpg?v=1742809838,,,,,,,,,,,https://cdn.shopify.com/s/files/1/0592/0676/2540/files/ENVY-DID-GOLD_BLUE-PAIR-2.jpg?v=1742809838
,https://cdn.shopify.com/s/files/1/0592/0676/2540/files/ENVY-DID-GOLD_BLUE-REAR-1.jpg?v=1742809850,,,,,,,,,,,https://cdn.shopify.com/s/files/1/0592/0676/2540/files/ENVY-DID-GOLD_BLUE-REAR-1.jpg?v=1742809850
,https://cdn.shopify.com/s/files/1/0592/0676/2540/files/ENVY-DID-GOLD_BLUE-REAR-2.jpg?v=1742809865,,,,,,,,,,,https://cdn.shopify.com/s/files/1/0592/0676/2540/files/ENVY-DID-GOLD_BLUE-REAR-2.jpg?v=1742809865
,https://cdn.shopify.com/s/files/1/0592/0676/2540/files/ENVY-DID-GOLD_BLUE-REAR-3.jpg?v=1742809875,,,,,,,,,,,https://cdn.shopify.com/s/files/1/0592/0676/2540/files/ENVY-DID-GOLD_BLUE-REAR-3.jpg?v=1742809875
,https://cdn.shopify.com/s/files/1/0592/0676/2540/files/ENVY-DID-GOLD_BLUE-FRONT-1.jpg?v=1742809886,,,,,,,,,,,https://cdn.shopify.com/s/files/1/0592/0676/2540/files/ENVY-DID-GOLD_BLUE-FRONT-1.jpg?v=1742809886
,https://cdn.shopify.com/s/files/1/0592/0676/2540/files/ENVY-DID-GOLD_BLUE-FRONT-2.jpg?v=1742809896,,,,,,,,,,,https://cdn.shopify.com/s/files/1/0592/0676/2540/files/ENVY-DID-GOLD_BLUE-FRONT-2.jpg?v=1742809896
ENVY-DID GOLD-GREEN,https://cdn.shopify.com/s/files/1/0592/0676/2540/files/ENVY-DID-GOLD_GREEN-PAIR-1.jpg?v=1742809669,,,,,,,,,,,https://cdn.shopify.com/s/files/1/0592/0676/2540/files/ENVY-DID-GOLD_GREEN-PAIR-1.jpg?v=1742809669
,https://cdn.shopify.com/s/files/1/0592/0676/2540/files/ENVY-DID-GOLD_GREEN-PAIR-2.jpg?v=1742809692,,,,,,,,,,,https://cdn.shopify.com/s/files/1/0592/0676/2540/files/ENVY-DID-GOLD_GREEN-PAIR-2.jpg?v=1742809692
,https://cdn.shopify.com/s/files/1/0592/0676/2540/files/ENVY-DID-GOLD_GREEN-REAR-1.jpg?v=1742809704,,,,,,,,,,,https://cdn.shopify.com/s/files/1/0592/0676/2540/files/ENVY-DID-GOLD_GREEN-REAR-1.jpg?v=1742809704
,https://cdn.shopify.com/s/files/1/0592/0676/2540/files/ENVY-DID-GOLD_GREEN-REAR-2.jpg?v=1742809723,,,,,,,,,,,https://cdn.shopify.com/s/files/1/0592/0676/2540/files/ENVY-DID-GOLD_GREEN-REAR-2.jpg?v=1742809723
,https://cdn.shopify.com/s/files/1/0592/0676/2540/files/ENVY-DID-GOLD_GREEN-FRONT-1.jpg?v=1742809741,,,,,,,,,,,https://cdn.shopify.com/s/files/1/0592/0676/2540/files/ENVY-DID-GOLD_GREEN-FRONT-1.jpg?v=1742809741
,https://cdn.shopify.com/s/files/1/0592/0676/2540/files/ENVY-DID-GOLD_GREEN-FRONT-2.jpg?v=1742809750,,,,,,,,,,,https://cdn.shopify.com/s/files/1/0592/0676/2540/files/ENVY-DID-GOLD_GREEN-FRONT-2.jpg?v=1742809750
,https://cdn.shopify.com/s/files/1/0592/0676/2540/files/ENVY-DID-GOLD_GREEN-PAIR-3.jpg?v=1742809765,,,,,,,,,,,https://cdn.shopify.com/s/files/1/0592/0676/2540/files/ENVY-DID-GOLD_GREEN-PAIR-3.jpg?v=1742809765
ENVY-DID SILVER-ORANGE,https://cdn.shopify.com/s/files/1/0592/0676/2540/files/ENVY-DID-SILVER_ORANGE-PAIR-1.jpg?v=1742809567,,,,,,,,,,,https://cdn.shopify.com/s/files/1/0592/0676/2540/files/ENVY-DID-SILVER_ORANGE-PAIR-1.jpg?v=1742809567
,https://cdn.shopify.com/s/files/1/0592/0676/2540/files/ENVY-DID-SILVER_ORANGE-PAIR-2.jpg?v=1742809584,,,,,,,,,,,https://cdn.shopify.com/s/files/1/0592/0676/2540/files/ENVY-DID-SILVER_ORANGE-PAIR-2.jpg?v=1742809584
,https://cdn.shopify.com/s/files/1/0592/0676/2540/files/ENVY-DID-SILVER_ORANGE-FRONT-1.jpg?v=1742809594,,,,,,,,,,,https://cdn.shopify.com/s/files/1/0592/0676/2540/files/ENVY-DID-SILVER_ORANGE-FRONT-1.jpg?v=1742809594
,https://cdn.shopify.com/s/files/1/0592/0676/2540/files/ENVY-DID-SILVER_ORANGE-FRONT-2.jpg?v=1742809604,,,,,,,,,,,https://cdn.shopify.com/s/files/1/0592/0676/2540/files/ENVY-DID-SILVER_ORANGE-FRONT-2.jpg?v=1742809604
,https://cdn.shopify.com/s/files/1/0592/0676/2540/files/ENVY-DID-SILVER_ORANGE-REAR-1.jpg?v=1742809614,,,,,,,,,,,https://cdn.shopify.com/s/files/1/0592/0676/2540/files/ENVY-DID-SILVER_ORANGE-REAR-1.jpg?v=1742809614
,https://cdn.shopify.com/s/files/1/0592/0676/2540/files/ENVY-DID-SILVER_ORANGE-REAR-2.jpg?v=1742809623,,,,,,,,,,,https://cdn.shopify.com/s/files/1/0592/0676/2540/files/ENVY-DID-SILVER_ORANGE-REAR-2.jpg?v=1742809623
ENVY-DID GOLD-GOLD,https://cdn.shopify.com/s/files/1/0592/0676/2540/files/ENVY-DID-GOLD_GOLD-PAIR-1.jpg?v=1742809475,,,,,,,,,,,https://cdn.shopify.com/s/files/1/0592/0676/2540/files/ENVY-DID-GOLD_GOLD-PAIR-1.jpg?v=1742809475
,https://cdn.shopify.com/s/files/1/0592/0676/2540/files/ENVY-DID-GOLD_GOLD-PAIR-2.jpg?v=1742809488,,,,,,,,,,,https://cdn.shopify.com/s/files/1/0592/0676/2540/files/ENVY-DID-GOLD_GOLD-PAIR-2.jpg?v=1742809488
,https://cdn.shopify.com/s/files/1/0592/0676/2540/files/ENVY-DID-GOLD_GOLD-FRONT-1.jpg?v=1742809499,,,,,,,,,,,https://cdn.shopify.com/s/files/1/0592/0676/2540/files/ENVY-DID-GOLD_GOLD-FRONT-1.jpg?v=1742809499
,https://cdn.shopify.com/s/files/1/0592/0676/2540/files/ENVY-DID-GOLD_GOLD-FRONT-2.jpg?v=1742809511,,,,,,,,,,,https://cdn.shopify.com/s/files/1/0592/0676/2540/files/ENVY-DID-GOLD_GOLD-FRONT-2.jpg?v=1742809511
,https://cdn.shopify.com/s/files/1/0592/0676/2540/files/ENVY-DID-GOLD_GOLD-REAR-1.jpg?v=1742809520,,,,,,,,,,,https://cdn.shopify.com/s/files/1/0592/0676/2540/files/ENVY-DID-GOLD_GOLD-REAR-1.jpg?v=1742809520
,https://cdn.shopify.com/s/files/1/0592/0676/2540/files/ENVY-DID-GOLD_GOLD-REAR-2.jpg?v=1742809532,,,,,,,,,,,https://cdn.shopify.com/s/files/1/0592/0676/2540/files/ENVY-DID-GOLD_GOLD-REAR-2.jpg?v=1742809532
,https://cdn.shopify.com/s/files/1/0592/0676/2540/files/ENVY-DID-GOLD_GOLD-REAR-3.jpg?v=1742809542,,,,,,,,,,,https://cdn.shopify.com/s/files/1/0592/0676/2540/files/ENVY-DID-GOLD_GOLD-REAR-3.jpg?v=1742809542
ENVY-DID GOLD-SILVER,https://cdn.shopify.com/s/files/1/0592/0676/2540/files/ENVY-DID-GOLD_SILVER-PAIR-1.jpg?v=1742809240,,,,,,,,,,,https://cdn.shopify.com/s/files/1/0592/0676/2540/files/ENVY-DID-GOLD_SILVER-PAIR-1.jpg?v=1742809240
,https://cdn.shopify.com/s/files/1/0592/0676/2540/files/ENVY-DID-GOLD_SILVER-PAIR-2.jpg?v=1742809250,,,,,,,,,,,https://cdn.shopify.com/s/files/1/0592/0676/2540/files/ENVY-DID-GOLD_SILVER-PAIR-2.jpg?v=1742809250
,https://cdn.shopify.com/s/files/1/0592/0676/2540/files/ENVY-DID-GOLD_SILVER-PAIR-3.jpg?v=1742809258,,,,,,,,,,,https://cdn.shopify.com/s/files/1/0592/0676/2540/files/ENVY-DID-GOLD_SILVER-PAIR-3.jpg?v=1742809258
,https://cdn.shopify.com/s/files/1/0592/0676/2540/files/ENVY-DID-GOLD_SILVER-FRONT-1.jpg?v=1742809269,,,,,,,,,,,https://cdn.shopify.com/s/files/1/0592/0676/2540/files/ENVY-DID-GOLD_SILVER-FRONT-1.jpg?v=1742809269
,https://cdn.shopify.com/s/files/1/0592/0676/2540/files/ENVY-DID-GOLD_SILVER-FRONT-2.jpg?v=1742809279,,,,,,,,,,,https://cdn.shopify.com/s/files/1/0592/0676/2540/files/ENVY-DID-GOLD_SILVER-FRONT-2.jpg?v=1742809279
,https://cdn.shopify.com/s/files/1/0592/0676/2540/files/ENVY-DID-GOLD_SILVER-REAR-1.jpg?v=1742809426,,,,,,,,,,,https://cdn.shopify.com/s/files/1/0592/0676/2540/files/ENVY-DID-GOLD_SILVER-REAR-1.jpg?v=1742809426
,https://cdn.shopify.com/s/files/1/0592/0676/2540/files/ENVY-DID-GOLD_SILVER-REAR-2.jpg?v=1742809438,,,,,,,,,,,https://cdn.shopify.com/s/files/1/0592/0676/2540/files/ENVY-DID-GOLD_SILVER-REAR-2.jpg?v=1742809438
,https://cdn.shopify.com/s/files/1/0592/0676/2540/files/ENVY-DID-GOLD_SILVER-REAR-3.jpg?v=1742809449,,,,,,,,,,,https://cdn.shopify.com/s/files/1/0592/0676/2540/files/ENVY-DID-GOLD_SILVER-REAR-3.jpg?v=1742809449
ENVY-DID GOLD-TITAN,https://cdn.shopify.com/s/files/1/0592/0676/2540/files/ENVY-DID-GOLD_TITAN-PAIR-1.jpg?v=1742809140,,,,,,,,,,,https://cdn.shopify.com/s/files/1/0592/0676/2540/files/ENVY-DID-GOLD_TITAN-PAIR-1.jpg?v=1742809140
,https://cdn.shopify.com/s/files/1/0592/0676/2540/files/ENVY-DID-GOLD_TITAN-PAIR-2.jpg?v=1742809155,,,,,,,,,,,https://cdn.shopify.com/s/files/1/0592/0676/2540/files/ENVY-DID-GOLD_TITAN-PAIR-2.jpg?v=1742809155
,https://cdn.shopify.com/s/files/1/0592/0676/2540/files/ENVY-DID-GOLD_TITAN-PAIR-3.jpg?v=1742809166,,,,,,,,,,,https://cdn.shopify.com/s/files/1/0592/0676/2540/files/ENVY-DID-GOLD_TITAN-PAIR-3.jpg?v=1742809166
,https://cdn.shopify.com/s/files/1/0592/0676/2540/files/ENVY-DID-GOLD_TITAN-REAR-1.jpg?v=1742809177,,,,,,,,,,,https://cdn.shopify.com/s/files/1/0592/0676/2540/files/ENVY-DID-GOLD_TITAN-REAR-1.jpg?v=1742809177
,https://cdn.shopify.com/s/files/1/0592/0676/2540/files/ENVY-DID-GOLD_TITAN-REAR-2.jpg?v=1742809186,,,,,,,,,,,https://cdn.shopify.com/s/files/1/0592/0676/2540/files/ENVY-DID-GOLD_TITAN-REAR-2.jpg?v=1742809186
,https://cdn.shopify.com/s/files/1/0592/0676/2540/files/ENVY-DID-GOLD_TITAN-FRONT-1.jpg?v=1742809197,,,,,,,,,,,https://cdn.shopify.com/s/files/1/0592/0676/2540/files/ENVY-DID-GOLD_TITAN-FRONT-1.jpg?v=1742809197
,https://cdn.shopify.com/s/files/1/0592/0676/2540/files/ENVY-DID-GOLD_TITAN-FRONT-2.jpg?v=1742809207,,,,,,,,,,,https://cdn.shopify.com/s/files/1/0592/0676/2540/files/ENVY-DID-GOLD_TITAN-FRONT-2.jpg?v=1742809207
ENVY-DID SILVER-BLUE,https://cdn.shopify.com/s/files/1/0592/0676/2540/files/ENVY-DID-SILVER_BLUE-PAIR-1.jpg?v=1742809042,,,,,,,,,,,https://cdn.shopify.com/s/files/1/0592/0676/2540/files/ENVY-DID-SILVER_BLUE-PAIR-1.jpg?v=1742809042
,https://cdn.shopify.com/s/files/1/0592/0676/2540/files/ENVY-DID-SILVER_BLUE-PAIR-2.jpg?v=1742809056,,,,,,,,,,,https://cdn.shopify.com/s/files/1/0592/0676/2540/files/ENVY-DID-SILVER_BLUE-PAIR-2.jpg?v=1742809056
,https://cdn.shopify.com/s/files/1/0592/0676/2540/files/ENVY-DID-SILVER_BLUE-PAIR-3.jpg?v=1742809068,,,,,,,,,,,https://cdn.shopify.com/s/files/1/0592/0676/2540/files/ENVY-DID-SILVER_BLUE-PAIR-3.jpg?v=1742809068
,https://cdn.shopify.com/s/files/1/0592/0676/2540/files/ENVY-DID-SILVER_BLUE-FRONT-1.jpg?v=1742809082,,,,,,,,,,,https://cdn.shopify.com/s/files/1/0592/0676/2540/files/ENVY-DID-SILVER_BLUE-FRONT-1.jpg?v=1742809082
,https://cdn.shopify.com/s/files/1/0592/0676/2540/files/ENVY-DID-SILVER_BLUE-FRONT-2.jpg?v=1742809094,,,,,,,,,,,https://cdn.shopify.com/s/files/1/0592/0676/2540/files/ENVY-DID-SILVER_BLUE-FRONT-2.jpg?v=1742809094
,https://cdn.shopify.com/s/files/1/0592/0676/2540/files/ENVY-DID-SILVER_BLUE-REAR-1.jpg?v=1742809105,,,,,,,,,,,https://cdn.shopify.com/s/files/1/0592/0676/2540/files/ENVY-DID-SILVER_BLUE-REAR-1.jpg?v=1742809105
,https://cdn.shopify.com/s/files/1/0592/0676/2540/files/ENVY-DID-SILVER_BLUE-REAR-2.jpg?v=1742809114,,,,,,,,,,,https://cdn.shopify.com/s/files/1/0592/0676/2540/files/ENVY-DID-SILVER_BLUE-REAR-2.jpg?v=1742809114
ENVY-DID SILVER-GREEN,https://cdn.shopify.com/s/files/1/0592/0676/2540/files/ENVY-DID-SILVER_GREEN-PAIR-1.jpg?v=1742808929,,,,,,,,,,,https://cdn.shopify.com/s/files/1/0592/0676/2540/files/ENVY-DID-SILVER_GREEN-PAIR-1.jpg?v=1742808929
,https://cdn.shopify.com/s/files/1/0592/0676/2540/files/ENVY-DID-SILVER_GREEN-PAIR-2.jpg?v=1742808942,,,,,,,,,,,https://cdn.shopify.com/s/files/1/0592/0676/2540/files/ENVY-DID-SILVER_GREEN-PAIR-2.jpg?v=1742808942
,https://cdn.shopify.com/s/files/1/0592/0676/2540/files/ENVY-DID-SILVER_GREEN-PAIR-3.jpg?v=1742808952,,,,,,,,,,,https://cdn.shopify.com/s/files/1/0592/0676/2540/files/ENVY-DID-SILVER_GREEN-PAIR-3.jpg?v=1742808952
,https://cdn.shopify.com/s/files/1/0592/0676/2540/files/ENVY-DID-SILVER_GREEN-FRONT-1.jpg?v=1742808964,,,,,,,,,,,https://cdn.shopify.com/s/files/1/0592/0676/2540/files/ENVY-DID-SILVER_GREEN-FRONT-1.jpg?v=1742808964
,https://cdn.shopify.com/s/files/1/0592/0676/2540/files/ENVY-DID-SILVER_GREEN-FRONT-2.jpg?v=1742808975,,,,,,,,,,,https://cdn.shopify.com/s/files/1/0592/0676/2540/files/ENVY-DID-SILVER_GREEN-FRONT-2.jpg?v=1742808975
,https://cdn.shopify.com/s/files/1/0592/0676/2540/files/ENVY-DID-SILVER_GREEN-REAR-1.jpg?v=1742808985,,,,,,,,,,,https://cdn.shopify.com/s/files/1/0592/0676/2540/files/ENVY-DID-SILVER_GREEN-REAR-1.jpg?v=1742808985
,https://cdn.shopify.com/s/files/1/0592/0676/2540/files/ENVY-DID-SILVER_GREEN-REAR-2.jpg?v=1742808997,,,,,,,,,,,https://cdn.shopify.com/s/files/1/0592/0676/2540/files/ENVY-DID-SILVER_GREEN-REAR-2.jpg?v=1742808997
,https://cdn.shopify.com/s/files/1/0592/0676/2540/files/ENVY-DID-SILVER_GREEN-REAR-3.jpg?v=1742809007,,,,,,,,,,,https://cdn.shopify.com/s/files/1/0592/0676/2540/files/ENVY-DID-SILVER_GREEN-REAR-3.jpg?v=1742809007
ENVY-DID SILVER-GOLD,https://cdn.shopify.com/s/files/1/0592/0676/2540/files/ENVY-DID-SILVER_GOLD-PAIR-1.jpg?v=1742605207,,,,,,,,,,,https://cdn.shopify.com/s/files/1/0592/0676/2540/files/ENVY-DID-SILVER_GOLD-PAIR-1.jpg?v=1742605207
,https://cdn.shopify.com/s/files/1/0592/0676/2540/files/ENVY-DID-SILVER_GOLD-PAIR-2.jpg?v=1742605218,,,,,,,,,,,https://cdn.shopify.com/s/files/1/0592/0676/2540/files/ENVY-DID-SILVER_GOLD-PAIR-2.jpg?v=1742605218
,https://cdn.shopify.com/s/files/1/0592/0676/2540/files/8ENVY-DID-SILVER_GOLD-FRONT-1.jpg?v=1742605231,,,,,,,,,,,https://cdn.shopify.com/s/files/1/0592/0676/2540/files/8ENVY-DID-SILVER_GOLD-FRONT-1.jpg?v=1742605231
,https://cdn.shopify.com/s/files/1/0592/0676/2540/files/ENVY-DID-SILVER_GOLD-FRONT-2.jpg?v=1742605243,,,,,,,,,,,https://cdn.shopify.com/s/files/1/0592/0676/2540/files/ENVY-DID-SILVER_GOLD-FRONT-2.jpg?v=1742605243
,https://cdn.shopify.com/s/files/1/0592/0676/2540/files/ENVY-DID-SILVER_GOLD-REAR-1.jpg?v=1742605257,,,,,,,,,,,https://cdn.shopify.com/s/files/1/0592/0676/2540/files/ENVY-DID-SILVER_GOLD-REAR-1.jpg?v=1742605257
,https://cdn.shopify.com/s/files/1/0592/0676/2540/files/ENVY-DID-SILVER_GOLD-REAR-2.jpg?v=1742605269,,,,,,,,,,,https://cdn.shopify.com/s/files/1/0592/0676/2540/files/ENVY-DID-SILVER_GOLD-REAR-2.jpg?v=1742605269
ENVY-DID SILVER-SILVER,https://cdn.shopify.com/s/files/1/0592/0676/2540/files/ENVY-DID-SILVER_SILVER-PAIR-1.jpg?v=1742605066,,,,,,,,,,,https://cdn.shopify.com/s/files/1/0592/0676/2540/files/ENVY-DID-SILVER_SILVER-PAIR-1.jpg?v=1742605066
,https://cdn.shopify.com/s/files/1/0592/0676/2540/files/ENVY-DID-SILVER_SILVER-PAIR-2.jpg?v=1742605080,,,,,,,,,,,https://cdn.shopify.com/s/files/1/0592/0676/2540/files/ENVY-DID-SILVER_SILVER-PAIR-2.jpg?v=1742605080
,https://cdn.shopify.com/s/files/1/0592/0676/2540/files/ENVY-DID-SILVER_SILVER-PAIR-3.jpg?v=1742605091,,,,,,,,,,,https://cdn.shopify.com/s/files/1/0592/0676/2540/files/ENVY-DID-SILVER_SILVER-PAIR-3.jpg?v=1742605091
,https://cdn.shopify.com/s/files/1/0592/0676/2540/files/ENVY-DID-SILVER_SILVER-FRONT-1.jpg?v=1742605103,,,,,,,,,,,https://cdn.shopify.com/s/files/1/0592/0676/2540/files/ENVY-DID-SILVER_SILVER-FRONT-1.jpg?v=1742605103
,https://cdn.shopify.com/s/files/1/0592/0676/2540/files/ENVY-DID-SILVER_SILVER-FRONT-2.jpg?v=1742605177,,,,,,,,,,,https://cdn.shopify.com/s/files/1/0592/0676/2540/files/ENVY-DID-SILVER_SILVER-FRONT-2.jpg?v=1742605177
,https://cdn.shopify.com/s/files/1/0592/0676/2540/files/ENVY-DID-SILVER_SILVER-REAR-1.jpg?v=1742605137,,,,,,,,,,,https://cdn.shopify.com/s/files/1/0592/0676/2540/files/ENVY-DID-SILVER_SILVER-REAR-1.jpg?v=1742605137
,https://cdn.shopify.com/s/files/1/0592/0676/2540/files/ENVY-DID-SILVER_SILVER-REAR-2.jpg?v=1742605150,,,,,,,,,,,https://cdn.shopify.com/s/files/1/0592/0676/2540/files/ENVY-DID-SILVER_SILVER-REAR-2.jpg?v=1742605150
,https://cdn.shopify.com/s/files/1/0592/0676/2540/files/ENVY-DID-SILVER_SILVER-REAR-3.jpg?v=1742605163,,,,,,,,,,,https://cdn.shopify.com/s/files/1/0592/0676/2540/files/ENVY-DID-SILVER_SILVER-REAR-3.jpg?v=1742605163
ENVY-DID SILVER-TITAN,https://cdn.shopify.com/s/files/1/0592/0676/2540/files/ENVY-DID-SILVER_TITAN-PAIR-1.jpg?v=1742604960,,,,,,,,,,,https://cdn.shopify.com/s/files/1/0592/0676/2540/files/ENVY-DID-SILVER_TITAN-PAIR-1.jpg?v=1742604960
,https://cdn.shopify.com/s/files/1/0592/0676/2540/files/ENVY-DID-SILVER_TITAN-PAIR-2.jpg?v=1742604975,,,,,,,,,,,https://cdn.shopify.com/s/files/1/0592/0676/2540/files/ENVY-DID-SILVER_TITAN-PAIR-2.jpg?v=1742604975
,https://cdn.shopify.com/s/files/1/0592/0676/2540/files/ENVY-DID-SILVER_TITAN-PAIR-3.jpg?v=1742604984,,,,,,,,,,,https://cdn.shopify.com/s/files/1/0592/0676/2540/files/ENVY-DID-SILVER_TITAN-PAIR-3.jpg?v=1742604984
,https://cdn.shopify.com/s/files/1/0592/0676/2540/files/ENVY-DID-SILVER_TITAN-FRONT-1.jpg?v=1742604993,,,,,,,,,,,https://cdn.shopify.com/s/files/1/0592/0676/2540/files/ENVY-DID-SILVER_TITAN-FRONT-1.jpg?v=1742604993
,https://cdn.shopify.com/s/files/1/0592/0676/2540/files/ENVY-DID-SILVER_TITAN-FRONT-2.jpg?v=1742605005,,,,,,,,,,,https://cdn.shopify.com/s/files/1/0592/0676/2540/files/ENVY-DID-SILVER_TITAN-FRONT-2.jpg?v=1742605005
,https://cdn.shopify.com/s/files/1/0592/0676/2540/files/ENVY-DID-SILVER_TITAN-REAR-1.jpg?v=1742605016,,,,,,,,,,,https://cdn.shopify.com/s/files/1/0592/0676/2540/files/ENVY-DID-SILVER_TITAN-REAR-1.jpg?v=1742605016
,https://cdn.shopify.com/s/files/1/0592/0676/2540/files/ENVY-DID-SILVER_TITAN-REAR-2.jpg?v=1742605026,,,,,,,,,,,https://cdn.shopify.com/s/files/1/0592/0676/2540/files/ENVY-DID-SILVER_TITAN-REAR-2.jpg?v=1742605026
,https://cdn.shopify.com/s/files/1/0592/0676/2540/files/ENVY-DID-SILVER_TITAN-REAR-3.jpg?v=1742605037,,,,,,,,,,,https://cdn.shopify.com/s/files/1/0592/0676/2540/files/ENVY-DID-SILVER_TITAN-REAR-3.jpg?v=1742605037
ENVY-DID SILVER-FACTORY,https://cdn.shopify.com/s/files/1/0592/0676/2540/files/ENVY-DID-SILVER_FACTORY-PAIR-1.jpg?v=1742604669,,,,,,,,,,,https://cdn.shopify.com/s/files/1/0592/0676/2540/files/ENVY-DID-SILVER_FACTORY-PAIR-1.jpg?v=1742604669
,https://cdn.shopify.com/s/files/1/0592/0676/2540/files/ENVY-DID-SILVER_FACTORY-PAIR-2.jpg?v=1742604683,,,,,,,,,,,https://cdn.shopify.com/s/files/1/0592/0676/2540/files/ENVY-DID-SILVER_FACTORY-PAIR-2.jpg?v=1742604683
,https://cdn.shopify.com/s/files/1/0592/0676/2540/files/ENVY-DID-SILVER_FACTORY-REAR-1.jpg?v=1742604697,,,,,,,,,,,https://cdn.shopify.com/s/files/1/0592/0676/2540/files/ENVY-DID-SILVER_FACTORY-REAR-1.jpg?v=1742604697
,https://cdn.shopify.com/s/files/1/0592/0676/2540/files/ENVY-DID-SILVER_FACTORY-REAR-2.jpg?v=1742604707,,,,,,,,,,,https://cdn.shopify.com/s/files/1/0592/0676/2540/files/ENVY-DID-SILVER_FACTORY-REAR-2.jpg?v=1742604707
,https://cdn.shopify.com/s/files/1/0592/0676/2540/files/CENVY-DID-SILVER_FACTORY-FRONT-1.jpg?v=1742604719,,,,,,,,,,,https://cdn.shopify.com/s/files/1/0592/0676/2540/files/CENVY-DID-SILVER_FACTORY-FRONT-1.jpg?v=1742604719
,https://cdn.shopify.com/s/files/1/0592/0676/2540/files/ENVY-DID-SILVER_FACTORY-FRONT-2.jpg?v=1742604729,,,,,,,,,,,https://cdn.shopify.com/s/files/1/0592/0676/2540/files/ENVY-DID-SILVER_FACTORY-FRONT-2.jpg?v=1742604729
ENVY-DID SILVER-MAG,https://cdn.shopify.com/s/files/1/0592/0676/2540/files/ENVY-DID-SILVER_MAG-PAIR-1.jpg?v=1742604337,,,,,,,,,,,https://cdn.shopify.com/s/files/1/0592/0676/2540/files/ENVY-DID-SILVER_MAG-PAIR-1.jpg?v=1742604337
,https://cdn.shopify.com/s/files/1/0592/0676/2540/files/ENVY-DID-SILVER_MAG-PAIR-2.jpg?v=1742604589,,,,,,,,,,,https://cdn.shopify.com/s/files/1/0592/0676/2540/files/ENVY-DID-SILVER_MAG-PAIR-2.jpg?v=1742604589
,https://cdn.shopify.com/s/files/1/0592/0676/2540/files/ENVY-DID-SILVER_MAG-PAIR-3.jpg?v=1742604609,,,,,,,,,,,https://cdn.shopify.com/s/files/1/0592/0676/2540/files/ENVY-DID-SILVER_MAG-PAIR-3.jpg?v=1742604609
,https://cdn.shopify.com/s/files/1/0592/0676/2540/files/ENVY-DID-SILVER_MAG-REAR-1.jpg?v=1742604620,,,,,,,,,,,https://cdn.shopify.com/s/files/1/0592/0676/2540/files/ENVY-DID-SILVER_MAG-REAR-1.jpg?v=1742604620
,https://cdn.shopify.com/s/files/1/0592/0676/2540/files/ENVY-DID-SILVER_MAG-FRONT-1.jpg?v=1742604640,,,,,,,,,,,https://cdn.shopify.com/s/files/1/0592/0676/2540/files/ENVY-DID-SILVER_MAG-FRONT-1.jpg?v=1742604640
ENVY-DID SILVER-BLACK,https://cdn.shopify.com/s/files/1/0592/0676/2540/files/ENVY-DID-SILVER_BLACK-PAIR-1.jpg?v=1742604242,,,,,,,,,,,https://cdn.shopify.com/s/files/1/0592/0676/2540/files/ENVY-DID-SILVER_BLACK-PAIR-1.jpg?v=1742604242
,https://cdn.shopify.com/s/files/1/0592/0676/2540/files/ENVY-DID-SILVER_BLACK-PAIR-2.jpg?v=1742604255,,,,,,,,,,,https://cdn.shopify.com/s/files/1/0592/0676/2540/files/ENVY-DID-SILVER_BLACK-PAIR-2.jpg?v=1742604255
,https://cdn.shopify.com/s/files/1/0592/0676/2540/files/ENVY-DID-SILVER_BLACK-PAIR-3.jpg?v=1742604267,,,,,,,,,,,https://cdn.shopify.com/s/files/1/0592/0676/2540/files/ENVY-DID-SILVER_BLACK-PAIR-3.jpg?v=1742604267
,https://cdn.shopify.com/s/files/1/0592/0676/2540/files/ENVY-DID-SILVER_BLACK-REAR-1.jpg?v=1742604278,,,,,,,,,,,https://cdn.shopify.com/s/files/1/0592/0676/2540/files/ENVY-DID-SILVER_BLACK-REAR-1.jpg?v=1742604278
,https://cdn.shopify.com/s/files/1/0592/0676/2540/files/ENVY-DID-SILVER_BLACK-REAR-2.jpg?v=1742604290,,,,,,,,,,,https://cdn.shopify.com/s/files/1/0592/0676/2540/files/ENVY-DID-SILVER_BLACK-REAR-2.jpg?v=1742604290
,https://cdn.shopify.com/s/files/1/0592/0676/2540/files/ENVY-DID-SILVER_BLACK-FRONT-1.jpg?v=1742604301,,,,,,,,,,,https://cdn.shopify.com/s/files/1/0592/0676/2540/files/ENVY-DID-SILVER_BLACK-FRONT-1.jpg?v=1742604301
ENVY-DID Silver-Red,https://cdn.shopify.com/s/files/1/0592/0676/2540/files/ENVY-DID-SILVER_RED-PAIR-1.jpg?v=1742604145,,,,,,,,,,,https://cdn.shopify.com/s/files/1/0592/0676/2540/files/ENVY-DID-SILVER_RED-PAIR-1.jpg?v=1742604145
,https://cdn.shopify.com/s/files/1/0592/0676/2540/files/ENVY-DID-SILVER_RED-PAIR-2.jpg?v=1742604156,,,,,,,,,,,https://cdn.shopify.com/s/files/1/0592/0676/2540/files/ENVY-DID-SILVER_RED-PAIR-2.jpg?v=1742604156
,https://cdn.shopify.com/s/files/1/0592/0676/2540/files/ENVY-DID-SILVER_RED-PAIR-3.jpg?v=1742604166,,,,,,,,,,,https://cdn.shopify.com/s/files/1/0592/0676/2540/files/ENVY-DID-SILVER_RED-PAIR-3.jpg?v=1742604166
,https://cdn.shopify.com/s/files/1/0592/0676/2540/files/ENVY-DID-SILVER_RED-REAR-1.jpg?v=1742604179,,,,,,,,,,,https://cdn.shopify.com/s/files/1/0592/0676/2540/files/ENVY-DID-SILVER_RED-REAR-1.jpg?v=1742604179
,https://cdn.shopify.com/s/files/1/0592/0676/2540/files/ENVY-DID-SILVER_RED-REAR-2.jpg?v=1742604189,,,,,,,,,,,https://cdn.shopify.com/s/files/1/0592/0676/2540/files/ENVY-DID-SILVER_RED-REAR-2.jpg?v=1742604189
,https://cdn.shopify.com/s/files/1/0592/0676/2540/files/ENVY-DID-SILVER_RED-FRONT-1.jpg?v=1742604200,,,,,,,,,,,https://cdn.shopify.com/s/files/1/0592/0676/2540/files/ENVY-DID-SILVER_RED-FRONT-1.jpg?v=1742604200
,https://cdn.shopify.com/s/files/1/0592/0676/2540/files/ENVY-DID-SILVER_RED-FRONT-2.jpg?v=1742604212,,,,,,,,,,,https://cdn.shopify.com/s/files/1/0592/0676/2540/files/ENVY-DID-SILVER_RED-FRONT-2.jpg?v=1742604212
ENVY-DID SILVER-COPPER,https://cdn.shopify.com/s/files/1/0592/0676/2540/files/ENVY_DID-SILVER-COPPER-PAIR-1.jpg?v=1742604046,,,,,,,,,,,https://cdn.shopify.com/s/files/1/0592/0676/2540/files/ENVY_DID-SILVER-COPPER-PAIR-1.jpg?v=1742604046
,https://cdn.shopify.com/s/files/1/0592/0676/2540/files/ENVY_DID-SILVER-COPPER-PAIR-2.jpg?v=1742604060,,,,,,,,,,,https://cdn.shopify.com/s/files/1/0592/0676/2540/files/ENVY_DID-SILVER-COPPER-PAIR-2.jpg?v=1742604060
,https://cdn.shopify.com/s/files/1/0592/0676/2540/files/ENVY_DID-SILVER-COPPER-REAR-1.jpg?v=1742604073,,,,,,,,,,,https://cdn.shopify.com/s/files/1/0592/0676/2540/files/ENVY_DID-SILVER-COPPER-REAR-1.jpg?v=1742604073
,https://cdn.shopify.com/s/files/1/0592/0676/2540/files/ENVY_DID-SILVER-COPPER-REAR-2.jpg?v=1742604085,,,,,,,,,,,https://cdn.shopify.com/s/files/1/0592/0676/2540/files/ENVY_DID-SILVER-COPPER-REAR-2.jpg?v=1742604085
,https://cdn.shopify.com/s/files/1/0592/0676/2540/files/ENVY_DID-SILVER-COPPER-FRONT-1.jpg?v=1742604099,,,,,,,,,,,https://cdn.shopify.com/s/files/1/0592/0676/2540/files/ENVY_DID-SILVER-COPPER-FRONT-1.jpg?v=1742604099
,https://cdn.shopify.com/s/files/1/0592/0676/2540/files/ENVY_DID-SILVER-COPPER-FRONT-2.jpg?v=1742604109,,,,,,,,,,,https://cdn.shopify.com/s/files/1/0592/0676/2540/files/ENVY_DID-SILVER-COPPER-FRONT-2.jpg?v=1742604109
ENVY-DID SILVER-PURPLE,https://cdn.shopify.com/s/files/1/0592/0676/2540/files/ENVY_DID-SILVER_PURPLE-PAIR-1.jpg?v=1742603892,,,,,,,,,,,https://cdn.shopify.com/s/files/1/0592/0676/2540/files/ENVY_DID-SILVER_PURPLE-PAIR-1.jpg?v=1742603892
,https://cdn.shopify.com/s/files/1/0592/0676/2540/files/ENVY_DID-SILVER_PURPLE-PAIR-2.jpg?v=1742603909,,,,,,,,,,,https://cdn.shopify.com/s/files/1/0592/0676/2540/files/ENVY_DID-SILVER_PURPLE-PAIR-2.jpg?v=1742603909
,https://cdn.shopify.com/s/files/1/0592/0676/2540/files/ENVY_DID-SILVER_PURPLE-PAIR-3.jpg?v=1742603925,,,,,,,,,,,https://cdn.shopify.com/s/files/1/0592/0676/2540/files/ENVY_DID-SILVER_PURPLE-PAIR-3.jpg?v=1742603925
,https://cdn.shopify.com/s/files/1/0592/0676/2540/files/ENVY_DID-SILVER_PURPLE-REAR-1.jpg?v=1742603945,,,,,,,,,,,https://cdn.shopify.com/s/files/1/0592/0676/2540/files/ENVY_DID-SILVER_PURPLE-REAR-1.jpg?v=1742603945
,https://cdn.shopify.com/s/files/1/0592/0676/2540/files/ENVY_DID-SILVER_PURPLE-REAR-2.jpg?v=1742603976,,,,,,,,,,,https://cdn.shopify.com/s/files/1/0592/0676/2540/files/ENVY_DID-SILVER_PURPLE-REAR-2.jpg?v=1742603976
,https://cdn.shopify.com/s/files/1/0592/0676/2540/files/ENVY_DID-SILVER_PURPLE-FRONT-1.jpg?v=1742603989,,,,,,,,,,,https://cdn.shopify.com/s/files/1/0592/0676/2540/files/ENVY_DID-SILVER_PURPLE-FRONT-1.jpg?v=1742603989
,https://cdn.shopify.com/s/files/1/0592/0676/2540/files/ENVY_DID-SILVER_PURPLE-FRONT-2.jpg?v=1742604002,,,,,,,,,,,https://cdn.shopify.com/s/files/1/0592/0676/2540/files/ENVY_DID-SILVER_PURPLE-FRONT-2.jpg?v=1742604002
ENVY-DID GOLD-FACTORY,https://cdn.shopify.com/s/files/1/0592/0676/2540/files/ENVY-DID-GOLD_FACTORY-PAIR-1.jpg?v=1742602976,,,,,,,,,,,https://cdn.shopify.com/s/files/1/0592/0676/2540/files/ENVY-DID-GOLD_FACTORY-PAIR-1.jpg?v=1742602976
,https://cdn.shopify.com/s/files/1/0592/0676/2540/files/ENVY-DID_GOLD_FACTORY-PAIR-2.jpg?v=1742603031,,,,,,,,,,,https://cdn.shopify.com/s/files/1/0592/0676/2540/files/ENVY-DID_GOLD_FACTORY-PAIR-2.jpg?v=1742603031
,https://cdn.shopify.com/s/files/1/0592/0676/2540/files/ENVY-DID_GOLD_FACTORY-REAR-1.jpg?v=1742603043,,,,,,,,,,,https://cdn.shopify.com/s/files/1/0592/0676/2540/files/ENVY-DID_GOLD_FACTORY-REAR-1.jpg?v=1742603043
,https://cdn.shopify.com/s/files/1/0592/0676/2540/files/ENVY-DID_GOLD_FACTORY-REAR-2.jpg?v=1742603057,,,,,,,,,,,https://cdn.shopify.com/s/files/1/0592/0676/2540/files/ENVY-DID_GOLD_FACTORY-REAR-2.jpg?v=1742603057
,https://cdn.shopify.com/s/files/1/0592/0676/2540/files/ENVY-DID_GOLD_FACTORY-FRONT-1.jpg?v=1742603068,,,,,,,,,,,https://cdn.shopify.com/s/files/1/0592/0676/2540/files/ENVY-DID_GOLD_FACTORY-FRONT-1.jpg?v=1742603068
,https://cdn.shopify.com/s/files/1/0592/0676/2540/files/ENVY-DID_GOLD_FACTORY-FRONT-2.jpg?v=1742603080,,,,,,,,,,,https://cdn.shopify.com/s/files/1/0592/0676/2540/files/ENVY-DID_GOLD_FACTORY-FRONT-2.jpg?v=1742603080
ENVY-DID GOLD-COPPER,https://cdn.shopify.com/s/files/1/0592/0676/2540/files/ENVY-DID_GOLD_COPPER-PAIR-1.jpg?v=1742602834,,,,,,,,,,,https://cdn.shopify.com/s/files/1/0592/0676/2540/files/ENVY-DID_GOLD_COPPER-PAIR-1.jpg?v=1742602834
,https://cdn.shopify.com/s/files/1/0592/0676/2540/files/ENVY-DID_GOLD_COPPER-PAIR-2.jpg?v=1742602889,,,,,,,,,,,https://cdn.shopify.com/s/files/1/0592/0676/2540/files/ENVY-DID_GOLD_COPPER-PAIR-2.jpg?v=1742602889
,https://cdn.shopify.com/s/files/1/0592/0676/2540/files/ENVY-DID_GOLD_COPPER-REAR-1.jpg?v=1742602902,,,,,,,,,,,https://cdn.shopify.com/s/files/1/0592/0676/2540/files/ENVY-DID_GOLD_COPPER-REAR-1.jpg?v=1742602902
,https://cdn.shopify.com/s/files/1/0592/0676/2540/files/ENVY-DID_GOLD_COPPER-REAR-2.jpg?v=1742602914,,,,,,,,,,,https://cdn.shopify.com/s/files/1/0592/0676/2540/files/ENVY-DID_GOLD_COPPER-REAR-2.jpg?v=1742602914
,https://cdn.shopify.com/s/files/1/0592/0676/2540/files/ENVY-DID_GOLD_COPPER-REAR-3.jpg?v=1742602924,,,,,,,,,,,https://cdn.shopify.com/s/files/1/0592/0676/2540/files/ENVY-DID_GOLD_COPPER-REAR-3.jpg?v=1742602924
,https://cdn.shopify.com/s/files/1/0592/0676/2540/files/ENVY-DID_GOLD_COPPER-FRONT-1.jpg?v=1742602936,,,,,,,,,,,https://cdn.shopify.com/s/files/1/0592/0676/2540/files/ENVY-DID_GOLD_COPPER-FRONT-1.jpg?v=1742602936
,https://cdn.shopify.com/s/files/1/0592/0676/2540/files/ENVY-DID_GOLD_COPPER-FRONT-2.jpg?v=1742602948,,,,,,,,,,,https://cdn.shopify.com/s/files/1/0592/0676/2540/files/ENVY-DID_GOLD_COPPER-FRONT-2.jpg?v=1742602948
ENVY-DID GOLD-MAG,https://cdn.shopify.com/s/files/1/0592/0676/2540/files/ENVY-DID_GOLD_MAG-PAIR-1.jpg?v=1742602657,,,,,,,,,,,https://cdn.shopify.com/s/files/1/0592/0676/2540/files/ENVY-DID_GOLD_MAG-PAIR-1.jpg?v=1742602657
,https://cdn.shopify.com/s/files/1/0592/0676/2540/files/ENVY-DID_GOLD_MAG-PAIR-2.jpg?v=1742602669,,,,,,,,,,,https://cdn.shopify.com/s/files/1/0592/0676/2540/files/ENVY-DID_GOLD_MAG-PAIR-2.jpg?v=1742602669
,https://cdn.shopify.com/s/files/1/0592/0676/2540/files/ENVY-DID_GOLD_MAG-REAR-1.jpg?v=1742602776,,,,,,,,,,,https://cdn.shopify.com/s/files/1/0592/0676/2540/files/ENVY-DID_GOLD_MAG-REAR-1.jpg?v=1742602776
,https://cdn.shopify.com/s/files/1/0592/0676/2540/files/ENVY-DID_GOLD_MAG-REAR-2.jpg?v=1742602786,,,,,,,,,,,https://cdn.shopify.com/s/files/1/0592/0676/2540/files/ENVY-DID_GOLD_MAG-REAR-2.jpg?v=1742602786
,https://cdn.shopify.com/s/files/1/0592/0676/2540/files/ENVY-DID_GOLD_MAG-FRONT-1.jpg?v=1742602799,,,,,,,,,,,https://cdn.shopify.com/s/files/1/0592/0676/2540/files/ENVY-DID_GOLD_MAG-FRONT-1.jpg?v=1742602799
,https://cdn.shopify.com/s/files/1/0592/0676/2540/files/ENVY-DID_GOLD_MAG-FRONT-2.jpg?v=1742602809,,,,,,,,,,,https://cdn.shopify.com/s/files/1/0592/0676/2540/files/ENVY-DID_GOLD_MAG-FRONT-2.jpg?v=1742602809
ENVY-DID GOLD-PURPLE,https://cdn.shopify.com/s/files/1/0592/0676/2540/files/ENVY-DID_GOLD_PURPLE-PAIR-1.jpg?v=1742602535,,,,,,,,,,,https://cdn.shopify.com/s/files/1/0592/0676/2540/files/ENVY-DID_GOLD_PURPLE-PAIR-1.jpg?v=1742602535
,https://cdn.shopify.com/s/files/1/0592/0676/2540/files/ENVY-DID_GOLD_PURPLE-PAIR-2.jpg?v=1742602569,,,,,,,,,,,https://cdn.shopify.com/s/files/1/0592/0676/2540/files/ENVY-DID_GOLD_PURPLE-PAIR-2.jpg?v=1742602569
,https://cdn.shopify.com/s/files/1/0592/0676/2540/files/ENVY-DID_GOLD_PURPLE-PAIR-3.jpg?v=1742602585,,,,,,,,,,,https://cdn.shopify.com/s/files/1/0592/0676/2540/files/ENVY-DID_GOLD_PURPLE-PAIR-3.jpg?v=1742602585
,https://cdn.shopify.com/s/files/1/0592/0676/2540/files/ENVY-DID_GOLD_PURPLE-REAR-1.jpg?v=1742602597,,,,,,,,,,,https://cdn.shopify.com/s/files/1/0592/0676/2540/files/ENVY-DID_GOLD_PURPLE-REAR-1.jpg?v=1742602597
,https://cdn.shopify.com/s/files/1/0592/0676/2540/files/ENVY-DID_GOLD_PURPLE-REAR-2.jpg?v=1742602609,,,,,,,,,,,https://cdn.shopify.com/s/files/1/0592/0676/2540/files/ENVY-DID_GOLD_PURPLE-REAR-2.jpg?v=1742602609
,https://cdn.shopify.com/s/files/1/0592/0676/2540/files/ENVY-DID_GOLD_PURPLE-FRONT-1.jpg?v=1742602619,,,,,,,,,,,https://cdn.shopify.com/s/files/1/0592/0676/2540/files/ENVY-DID_GOLD_PURPLE-FRONT-1.jpg?v=1742602619
,https://cdn.shopify.com/s/files/1/0592/0676/2540/files/ENVY-DID_GOLD_PURPLE-FRONT-2.jpg?v=1742602633,,,,,,,,,,,https://cdn.shopify.com/s/files/1/0592/0676/2540/files/ENVY-DID_GOLD_PURPLE-FRONT-2.jpg?v=1742602633
ENVY-DID GOLD-RED,https://cdn.shopify.com/s/files/1/0592/0676/2540/files/ENVY-DID_GOLD_RED-PAIR-1.jpg?v=1742602430,,,,,,,,,,,https://cdn.shopify.com/s/files/1/0592/0676/2540/files/ENVY-DID_GOLD_RED-PAIR-1.jpg?v=1742602430
,https://cdn.shopify.com/s/files/1/0592/0676/2540/files/ENVY-DID_GOLD_RED-PAIR-2.jpg?v=1742602441,,,,,,,,,,,https://cdn.shopify.com/s/files/1/0592/0676/2540/files/ENVY-DID_GOLD_RED-PAIR-2.jpg?v=1742602441
,https://cdn.shopify.com/s/files/1/0592/0676/2540/files/ENVY-DID_GOLD_RED-REAR-1.jpg?v=1742602459,,,,,,,,,,,https://cdn.shopify.com/s/files/1/0592/0676/2540/files/ENVY-DID_GOLD_RED-REAR-1.jpg?v=1742602459
,https://cdn.shopify.com/s/files/1/0592/0676/2540/files/ENVY-DID_GOLD_RED-REAR-2.jpg?v=1742602473,,,,,,,,,,,https://cdn.shopify.com/s/files/1/0592/0676/2540/files/ENVY-DID_GOLD_RED-REAR-2.jpg?v=1742602473
,https://cdn.shopify.com/s/files/1/0592/0676/2540/files/ENVY-DID_GOLD_RED-FRONT-2.jpg?v=1742602509,,,,,,,,,,,https://cdn.shopify.com/s/files/1/0592/0676/2540/files/ENVY-DID_GOLD_RED-FRONT-2.jpg?v=1742602509
,https://cdn.shopify.com/s/files/1/0592/0676/2540/files/ENVY-DID_GOLD_RED-FRONT-1.jpg?v=1742602496,,,,,,,,,,,https://cdn.shopify.com/s/files/1/0592/0676/2540/files/ENVY-DID_GOLD_RED-FRONT-1.jpg?v=1742602496
ENVY-DID GOLD-BLACK,https://cdn.shopify.com/s/files/1/0592/0676/2540/files/ENVY-DID-GOLD_BLACK-PAIR-1.jpg?v=1742602134,,,,,,,,,,,https://cdn.shopify.com/s/files/1/0592/0676/2540/files/ENVY-DID-GOLD_BLACK-PAIR-1.jpg?v=1742602134
,https://cdn.shopify.com/s/files/1/0592/0676/2540/files/ENVY-DID-GOLD_BLACK-PAIR-2.jpg?v=1742602170,,,,,,,,,,,https://cdn.shopify.com/s/files/1/0592/0676/2540/files/ENVY-DID-GOLD_BLACK-PAIR-2.jpg?v=1742602170
,https://cdn.shopify.com/s/files/1/0592/0676/2540/files/ENVY-DID-GOLD_BLACK-PAIR-3.jpg?v=1742602184,,,,,,,,,,,https://cdn.shopify.com/s/files/1/0592/0676/2540/files/ENVY-DID-GOLD_BLACK-PAIR-3.jpg?v=1742602184
,https://cdn.shopify.com/s/files/1/0592/0676/2540/files/ENVY-DID-GOLD_BLACK-REAR-1.jpg?v=1742602200,,,,,,,,,,,https://cdn.shopify.com/s/files/1/0592/0676/2540/files/ENVY-DID-GOLD_BLACK-REAR-1.jpg?v=1742602200
,https://cdn.shopify.com/s/files/1/0592/0676/2540/files/ENVY-DID-GOLD_BLACK-REAR-2.jpg?v=1742602211,,,,,,,,,,,https://cdn.shopify.com/s/files/1/0592/0676/2540/files/ENVY-DID-GOLD_BLACK-REAR-2.jpg?v=1742602211
,https://cdn.shopify.com/s/files/1/0592/0676/2540/files/ENVY-DID-GOLD_BLACK-FRONT-1.jpg?v=1742602221,,,,,,,,,,,https://cdn.shopify.com/s/files/1/0592/0676/2540/files/ENVY-DID-GOLD_BLACK-FRONT-1.jpg?v=1742602221
,https://cdn.shopify.com/s/files/1/0592/0676/2540/files/fENVY-DID-GOLD_BLACK-FRONT-2.jpg?v=1742602234,,,,,,,,,,,https://cdn.shopify.com/s/files/1/0592/0676/2540/files/fENVY-DID-GOLD_BLACK-FRONT-2.jpg?v=1742602234
ENVY-DID BLUE-COPPER,https://cdn.shopify.com/s/files/1/0592/0676/2540/files/ENVY-DID-BLUE_COPPER-PAIR-1.jpg?v=1742600216,,,,,,,,,,,https://cdn.shopify.com/s/files/1/0592/0676/2540/files/ENVY-DID-BLUE_COPPER-PAIR-1.jpg?v=1742600216
,https://cdn.shopify.com/s/files/1/0592/0676/2540/files/ENVY-DID-BLUE_COPPER-PAIR-2.jpg?v=1742600232,,,,,,,,,,,https://cdn.shopify.com/s/files/1/0592/0676/2540/files/ENVY-DID-BLUE_COPPER-PAIR-2.jpg?v=1742600232
,https://cdn.shopify.com/s/files/1/0592/0676/2540/files/ENVY-DID-BLUE_COPPER-PAIR-3.jpg?v=1742600243,,,,,,,,,,,https://cdn.shopify.com/s/files/1/0592/0676/2540/files/ENVY-DID-BLUE_COPPER-PAIR-3.jpg?v=1742600243
,https://cdn.shopify.com/s/files/1/0592/0676/2540/files/ENVY-DID-BLUE_COPPER-REAR-1.jpg?v=1742600255,,,,,,,,,,,https://cdn.shopify.com/s/files/1/0592/0676/2540/files/ENVY-DID-BLUE_COPPER-REAR-1.jpg?v=1742600255
,https://cdn.shopify.com/s/files/1/0592/0676/2540/files/ENVY-DID-BLUE_COPPER-REAR-2.jpg?v=1742600267,,,,,,,,,,,https://cdn.shopify.com/s/files/1/0592/0676/2540/files/ENVY-DID-BLUE_COPPER-REAR-2.jpg?v=1742600267
,https://cdn.shopify.com/s/files/1/0592/0676/2540/files/ENVY-DID-BLUE_COPPER-FRONT-1.jpg?v=1742600279,,,,,,,,,,,https://cdn.shopify.com/s/files/1/0592/0676/2540/files/ENVY-DID-BLUE_COPPER-FRONT-1.jpg?v=1742600279
,https://cdn.shopify.com/s/files/1/0592/0676/2540/files/ENVY-DID-BLUE_COPPER-FRONT-2.jpg?v=1742600290,,,,,,,,,,,https://cdn.shopify.com/s/files/1/0592/0676/2540/files/ENVY-DID-BLUE_COPPER-FRONT-2.jpg?v=1742600290
ENVY-DID BLUE-FACTORY,https://cdn.shopify.com/s/files/1/0592/0676/2540/files/ENVY-DID-BLUE_FACTORY-PAIR-1.jpg?v=1742598364,,,,,,,,,,,https://cdn.shopify.com/s/files/1/0592/0676/2540/files/ENVY-DID-BLUE_FACTORY-PAIR-1.jpg?v=1742598364
,https://cdn.shopify.com/s/files/1/0592/0676/2540/files/ENVY-DID-BLUE_FACTORY-PAIR-2.jpg?v=1742598383,,,,,,,,,,,https://cdn.shopify.com/s/files/1/0592/0676/2540/files/ENVY-DID-BLUE_FACTORY-PAIR-2.jpg?v=1742598383
,https://cdn.shopify.com/s/files/1/0592/0676/2540/files/ENVY-DID-BLUE_FACTORY-PAIR-3.jpg?v=1742599904,,,,,,,,,,,https://cdn.shopify.com/s/files/1/0592/0676/2540/files/ENVY-DID-BLUE_FACTORY-PAIR-3.jpg?v=1742599904
,https://cdn.shopify.com/s/files/1/0592/0676/2540/files/ENVY-DID-BLUE_FACTORY-REAR-1.jpg?v=1742599916,,,,,,,,,,,https://cdn.shopify.com/s/files/1/0592/0676/2540/files/ENVY-DID-BLUE_FACTORY-REAR-1.jpg?v=1742599916
,https://cdn.shopify.com/s/files/1/0592/0676/2540/files/ENVY-DID-BLUE_FACTORY-REAR-2.jpg?v=1742599927,,,,,,,,,,,https://cdn.shopify.com/s/files/1/0592/0676/2540/files/ENVY-DID-BLUE_FACTORY-REAR-2.jpg?v=1742599927
,https://cdn.shopify.com/s/files/1/0592/0676/2540/files/ENVY-DID-BLUE_FACTORY-FRONT-1.jpg?v=1742599937,,,,,,,,,,,https://cdn.shopify.com/s/files/1/0592/0676/2540/files/ENVY-DID-BLUE_FACTORY-FRONT-1.jpg?v=1742599937
,https://cdn.shopify.com/s/files/1/0592/0676/2540/files/ENVY-DID-BLUE_FACTORY-FRONT-2.jpg?v=1742599949,,,,,,,,,,,https://cdn.shopify.com/s/files/1/0592/0676/2540/files/ENVY-DID-BLUE_FACTORY-FRONT-2.jpg?v=1742599949
ENVY-DID BLUE-MAG,https://cdn.shopify.com/s/files/1/0592/0676/2540/files/ENVY-DID-BLUE_MAG-PAIR-1.jpg?v=1742598287,,,,,,,,,,,https://cdn.shopify.com/s/files/1/0592/0676/2540/files/ENVY-DID-BLUE_MAG-PAIR-1.jpg?v=1742598287
,https://cdn.shopify.com/s/files/1/0592/0676/2540/files/ENVY-DID-BLUE_MAG-PAIR-2.jpg?v=1742598300,,,,,,,,,,,https://cdn.shopify.com/s/files/1/0592/0676/2540/files/ENVY-DID-BLUE_MAG-PAIR-2.jpg?v=1742598300
,https://cdn.shopify.com/s/files/1/0592/0676/2540/files/ENVY-DID-BLUE_MAG-PAIR-3.jpg?v=1742598310,,,,,,,,,,,https://cdn.shopify.com/s/files/1/0592/0676/2540/files/ENVY-DID-BLUE_MAG-PAIR-3.jpg?v=1742598310
,https://cdn.shopify.com/s/files/1/0592/0676/2540/files/ENVY-DID-BLUE_MAG-REAR-1.jpg?v=1742598323,,,,,,,,,,,https://cdn.shopify.com/s/files/1/0592/0676/2540/files/ENVY-DID-BLUE_MAG-REAR-1.jpg?v=1742598323
,https://cdn.shopify.com/s/files/1/0592/0676/2540/files/ENVY-DID-BLUE_MAG-FRONT-1.jpg?v=1742598334,,,,,,,,,,,https://cdn.shopify.com/s/files/1/0592/0676/2540/files/ENVY-DID-BLUE_MAG-FRONT-1.jpg?v=1742598334
ENVY-DID BLUE-PURPLE,https://cdn.shopify.com/s/files/1/0592/0676/2540/files/ENVY-DID-BLUE_PURPLE-PAIR-1.jpg?v=1742598050,,,,,,,,,,,https://cdn.shopify.com/s/files/1/0592/0676/2540/files/ENVY-DID-BLUE_PURPLE-PAIR-1.jpg?v=1742598050
,https://cdn.shopify.com/s/files/1/0592/0676/2540/files/ENVY-DID-BLUE_PURPLE-PAIR-2.jpg?v=1742598065,,,,,,,,,,,https://cdn.shopify.com/s/files/1/0592/0676/2540/files/ENVY-DID-BLUE_PURPLE-PAIR-2.jpg?v=1742598065
,https://cdn.shopify.com/s/files/1/0592/0676/2540/files/ENVY-DID-BLUE_PURPLE-PAIR-3.jpg?v=1742598102,,,,,,,,,,,https://cdn.shopify.com/s/files/1/0592/0676/2540/files/ENVY-DID-BLUE_PURPLE-PAIR-3.jpg?v=1742598102
,https://cdn.shopify.com/s/files/1/0592/0676/2540/files/ENVY-DID-BLUE_PURPLE-REAR-1.jpg?v=1742598130,,,,,,,,,,,https://cdn.shopify.com/s/files/1/0592/0676/2540/files/ENVY-DID-BLUE_PURPLE-REAR-1.jpg?v=1742598130
,https://cdn.shopify.com/s/files/1/0592/0676/2540/files/ENVY-DID-BLUE_PURPLE-REAR-2.jpg?v=1742598143,,,,,,,,,,,https://cdn.shopify.com/s/files/1/0592/0676/2540/files/ENVY-DID-BLUE_PURPLE-REAR-2.jpg?v=1742598143
,https://cdn.shopify.com/s/files/1/0592/0676/2540/files/ENVY-DID-BLUE_PURPLE-FRONT-1.jpg?v=1742598155,,,,,,,,,,,https://cdn.shopify.com/s/files/1/0592/0676/2540/files/ENVY-DID-BLUE_PURPLE-FRONT-1.jpg?v=1742598155
,https://cdn.shopify.com/s/files/1/0592/0676/2540/files/ENVY-DID-BLUE_PURPLE-FRONT-2.jpg?v=1742598177,,,,,,,,,,,https://cdn.shopify.com/s/files/1/0592/0676/2540/files/ENVY-DID-BLUE_PURPLE-FRONT-2.jpg?v=1742598177
ENVY-DID BLUE-RED,https://cdn.shopify.com/s/files/1/0592/0676/2540/files/ENVY-DID_BLUE_RED-PAIR-1.jpg?v=1742597909,,,,,,,,,,,https://cdn.shopify.com/s/files/1/0592/0676/2540/files/ENVY-DID_BLUE_RED-PAIR-1.jpg?v=1742597909
,https://cdn.shopify.com/s/files/1/0592/0676/2540/files/ENVY-DID_BLUE_RED-PAIR-2.jpg?v=1742597924,,,,,,,,,,,https://cdn.shopify.com/s/files/1/0592/0676/2540/files/ENVY-DID_BLUE_RED-PAIR-2.jpg?v=1742597924
,https://cdn.shopify.com/s/files/1/0592/0676/2540/files/ENVY-DID_BLUE_RED-PAIR-3.jpg?v=1742597935,,,,,,,,,,,https://cdn.shopify.com/s/files/1/0592/0676/2540/files/ENVY-DID_BLUE_RED-PAIR-3.jpg?v=1742597935
,https://cdn.shopify.com/s/files/1/0592/0676/2540/files/ENVY-DID_BLUE_RED-PAIR-4.jpg?v=1742597954,,,,,,,,,,,https://cdn.shopify.com/s/files/1/0592/0676/2540/files/ENVY-DID_BLUE_RED-PAIR-4.jpg?v=1742597954
,https://cdn.shopify.com/s/files/1/0592/0676/2540/files/ENVY-DID_BLUE_RED-REAR-1.jpg?v=1742597969,,,,,,,,,,,https://cdn.shopify.com/s/files/1/0592/0676/2540/files/ENVY-DID_BLUE_RED-REAR-1.jpg?v=1742597969
,https://cdn.shopify.com/s/files/1/0592/0676/2540/files/ENVY-DID_BLUE_RED-REAR-2.jpg?v=1742597981,,,,,,,,,,,https://cdn.shopify.com/s/files/1/0592/0676/2540/files/ENVY-DID_BLUE_RED-REAR-2.jpg?v=1742597981
,https://cdn.shopify.com/s/files/1/0592/0676/2540/files/ENVY-DID_BLUE_RED-REAR-3.jpg?v=1742597993,,,,,,,,,,,https://cdn.shopify.com/s/files/1/0592/0676/2540/files/ENVY-DID_BLUE_RED-REAR-3.jpg?v=1742597993
,https://cdn.shopify.com/s/files/1/0592/0676/2540/files/ENVY-DID_BLUE_RED-FRONT-1.jpg?v=1742598005,,,,,,,,,,,https://cdn.shopify.com/s/files/1/0592/0676/2540/files/ENVY-DID_BLUE_RED-FRONT-1.jpg?v=1742598005
,https://cdn.shopify.com/s/files/1/0592/0676/2540/files/ENVY-DID_BLUE_RED-FRONT-2.jpg?v=1742598017,,,,,,,,,,,https://cdn.shopify.com/s/files/1/0592/0676/2540/files/ENVY-DID_BLUE_RED-FRONT-2.jpg?v=1742598017
ENVY-DID BLUE-BLACK,https://cdn.shopify.com/s/files/1/0592/0676/2540/files/ENVY_DID-BLUE_BLACK-PAIR-1.jpg?v=1742597277,,,,,,,,,,,https://cdn.shopify.com/s/files/1/0592/0676/2540/files/ENVY_DID-BLUE_BLACK-PAIR-1.jpg?v=1742597277
,https://cdn.shopify.com/s/files/1/0592/0676/2540/files/ENVY_DID-BLUE_BLACK-PAIR-2.jpg?v=1742597324,,,,,,,,,,,https://cdn.shopify.com/s/files/1/0592/0676/2540/files/ENVY_DID-BLUE_BLACK-PAIR-2.jpg?v=1742597324
,https://cdn.shopify.com/s/files/1/0592/0676/2540/files/ENVY_DID-BLUE_BLACK-PAIR-3.jpg?v=1742597652,,,,,,,,,,,https://cdn.shopify.com/s/files/1/0592/0676/2540/files/ENVY_DID-BLUE_BLACK-PAIR-3.jpg?v=1742597652
,https://cdn.shopify.com/s/files/1/0592/0676/2540/files/ENVY_DID-BLUE_BLACK-PAIR-4.jpg?v=1742597678,,,,,,,,,,,https://cdn.shopify.com/s/files/1/0592/0676/2540/files/ENVY_DID-BLUE_BLACK-PAIR-4.jpg?v=1742597678
,https://cdn.shopify.com/s/files/1/0592/0676/2540/files/ENVY_DID-BLUE_BLACK-REAR-1.jpg?v=1742597700,,,,,,,,,,,https://cdn.shopify.com/s/files/1/0592/0676/2540/files/ENVY_DID-BLUE_BLACK-REAR-1.jpg?v=1742597700
,https://cdn.shopify.com/s/files/1/0592/0676/2540/files/ENVY_DID-BLUE_BLACK-REAR-2.jpg?v=1742597716,,,,,,,,,,,https://cdn.shopify.com/s/files/1/0592/0676/2540/files/ENVY_DID-BLUE_BLACK-REAR-2.jpg?v=1742597716
,https://cdn.shopify.com/s/files/1/0592/0676/2540/files/ENVY_DID-BLUE_BLACK-FRONT-1.jpg?v=1742597729,,,,,,,,,,,https://cdn.shopify.com/s/files/1/0592/0676/2540/files/ENVY_DID-BLUE_BLACK-FRONT-1.jpg?v=1742597729
,https://cdn.shopify.com/s/files/1/0592/0676/2540/files/ENVY_DID-BLUE_BLACK-FRONT-2.jpg?v=1742597743,,,,,,,,,,,https://cdn.shopify.com/s/files/1/0592/0676/2540/files/ENVY_DID-BLUE_BLACK-FRONT-2.jpg?v=1742597743
